candidate_id,num_dof_completed,period_pass_count,max_period_error_pct,all_six_period_under_limit,start_amplitude_pass_count,max_start_amplitude_error,all_six_start_amplitude_under_limit,j_total,j_shape_total,start_amplitude_error_total,score_total,rank,decision,reason
AMP_SH_H054_SWTTD_SG1019_07040711,6,6,2.4795794,true,6,0.19309212,true,0.17651638,3.2209695,0.79855847,0.37615599,1,PACKAGE_READY,six DOF period and start amplitude gates passed
AMP_SH_HAF15_Y15052_R8715_07041136,6,6,2.4795794,true,6,0.1951654,true,0.17929113,3.2231102,0.82713878,0.38607582,2,PACKAGE_READY,six DOF period and start amplitude gates passed
AMP_SH_H054_SWTTD_Y15052_R8715_07041055,6,6,2.4795794,true,6,0.1951654,true,0.17939761,3.2192439,0.87118526,0.39719393,3,PACKAGE_READY,six DOF period and start amplitude gates passed
AMP_SH_H054_SWTTD_Y15052_07041000,6,6,2.4795794,true,6,0.1951654,true,0.17944355,3.2505914,0.87151971,0.39732347,4,PACKAGE_READY,six DOF period and start amplitude gates passed
AMP_SH_SY_R965_H058_SWTTD_N2_07040340_BQIC_0704043815,6,6,2.4795794,true,6,0.19309212,true,0.18090887,3.2699743,0.86670287,0.39758459,5,PACKAGE_READY,six DOF period and start amplitude gates passed
AMP_SH_SY_R965_H058_SWTTD_N2_07040340,6,6,2.4795794,true,6,0.19309212,true,0.18129921,3.2691021,0.90652572,0.40793064,6,PACKAGE_READY,six DOF period and start amplitude gates passed
AMP_SH_SY_R965_H058_07031325,6,6,2.632181,true,6,0.19309212,true,0.18426412,3.2765803,0.89904718,0.40902591,7,PACKAGE_READY,six DOF period and start amplitude gates passed
AMP_SH_SY_ROLL090_06171518,6,6,2.632181,true,6,0.19325935,true,0.18309614,3.2439764,0.91924651,0.41290777,8,PACKAGE_READY,six DOF period and start amplitude gates passed
AMP_SH_SY_R965_06171637,6,6,2.632181,true,6,0.19309212,true,0.18455768,3.2763783,0.91907928,0.4143275,9,PACKAGE_READY,six DOF period and start amplitude gates passed
AMP_SH_SY_06172058,6,6,2.632181,true,6,0.19242321,true,0.18551563,3.2695357,0.91841037,0.41511823,10,PACKAGE_READY,six DOF period and start amplitude gates passed
AMP_SH_S_BASEYAW_06171610,6,6,2.632181,true,6,0.19985461,true,0.18835173,3.4117533,0.92791642,0.42033083,11,PACKAGE_READY,six DOF period and start amplitude gates passed
HEAVE_AF0_N20M_IC83_BL100_BQ075_T450_0706,1,1,0.92171712,false,1,0.0044903279,false,0.018702579,0.26970715,0.0044903279,0.019825161,12,HOLD,"missing/failed DOFs: FD_PITCH,FD_ROLL,FD_SURGE,FD_SWAY,FD_YAW"
HEAVE_AF0_N20M_IC83_BL100_BQ090_FULL_0706,1,1,0.89414571,false,1,0.0040233145,false,0.020137016,0.25677891,0.0040233145,0.021142845,13,HOLD,"missing/failed DOFs: FD_PITCH,FD_ROLL,FD_SURGE,FD_SWAY,FD_YAW"
HEAVE_AF0_N20M_IC83_BL100_BQ090_T450_0706,1,1,0.98909445,false,1,0.0040269347,false,0.020797336,0.25248869,0.0040269347,0.02180407,14,HOLD,"missing/failed DOFs: FD_PITCH,FD_ROLL,FD_SURGE,FD_SWAY,FD_YAW"
HEAVE_AF0_N20M_IC83_BL100_BQ095_FULL_0706,1,1,0.93146568,false,1,0.0038929851,false,0.021112565,0.26545338,0.0038929851,0.022085811,15,HOLD,"missing/failed DOFs: FD_PITCH,FD_ROLL,FD_SURGE,FD_SWAY,FD_YAW"
HEAVE_AF0_N20M_IC83_BL100_BQ095_T600_0706,1,1,0.80466188,false,1,0.0040727913,false,0.021119459,0.26534582,0.0040727913,0.022137657,16,HOLD,"missing/failed DOFs: FD_PITCH,FD_ROLL,FD_SURGE,FD_SWAY,FD_YAW"
HEAVE_AF0_N20M_IC83_FULL_0706,1,1,0.81009091,false,1,0.0041162344,false,0.021663871,0.25167808,0.0041162344,0.02269293,17,HOLD,"missing/failed DOFs: FD_PITCH,FD_ROLL,FD_SURGE,FD_SWAY,FD_YAW"
HEAVE_AF0_N20M_IC83_BL100_BQ095_T450_0706,1,1,0.88176075,false,1,0.0040933061,false,0.021819278,0.26258003,0.0040933061,0.022842605,18,HOLD,"missing/failed DOFs: FD_PITCH,FD_ROLL,FD_SURGE,FD_SWAY,FD_YAW"
HEAVE_AF0_N20M_IC83_BL100_FULL_0706,1,1,1.0127638,false,1,0.0039605633,false,0.022118339,0.27320519,0.0039605633,0.02310848,19,HOLD,"missing/failed DOFs: FD_PITCH,FD_ROLL,FD_SURGE,FD_SWAY,FD_YAW"
HEAVE_AF0_N20M_IC83_T450_0706,1,1,0.90210379,false,1,0.0039846984,false,0.022364082,0.24572675,0.0039846984,0.023360257,20,HOLD,"missing/failed DOFs: FD_PITCH,FD_ROLL,FD_SURGE,FD_SWAY,FD_YAW"
HEAVE_AF0_N20M_IC83_BL100_T450_0706,1,1,0.67486861,false,1,0.0039545295,false,0.022847412,0.26984955,0.0039545295,0.023836044,21,HOLD,"missing/failed DOFs: FD_PITCH,FD_ROLL,FD_SURGE,FD_SWAY,FD_YAW"
HEAVE_AF0_N20M_IC83_BL100_BQ05_T450_0706,1,1,0.96739296,false,1,0.0045868681,false,0.023224442,0.44391124,0.0045868681,0.024371159,22,HOLD,"missing/failed DOFs: FD_PITCH,FD_ROLL,FD_SURGE,FD_SWAY,FD_YAW"
HEAVE_AF0_N20M_IC83_BL100_BQ110_T600_0706,1,1,1.0182374,false,1,0.0041451965,false,0.024199543,0.296478,0.0041451965,0.025235842,23,HOLD,"missing/failed DOFs: FD_PITCH,FD_ROLL,FD_SURGE,FD_SWAY,FD_YAW"
BQIC_YAW_0612070916_F100_I102,1,1,0.73824889,false,0,,false,0.027204702,0.54931518,0,0.027204702,24,HOLD,"missing/failed DOFs: FD_HEAVE,FD_PITCH,FD_ROLL,FD_SURGE,FD_SWAY"
HEAVE_AF0_N20M_IC83_BL100_BQ125_T600_0706,1,1,0.94928628,false,1,0.0041789856,false,0.027195515,0.33546878,0.0041789856,0.028240261,25,HOLD,"missing/failed DOFs: FD_PITCH,FD_ROLL,FD_SURGE,FD_SWAY,FD_YAW"
SURGE_EQIC90_0704231943,1,0,7.6058333,false,1,0.055756296,false,0.02424932,0.54810757,0.055756296,0.038188394,26,HOLD,"missing/failed DOFs: FD_HEAVE,FD_PITCH,FD_ROLL,FD_SWAY,FD_YAW"
SWAY_CL0_0704204604,1,1,0.6668067,false,1,0.029973726,false,0.030759521,0.70818228,0.029973726,0.038252952,27,HOLD,"missing/failed DOFs: FD_HEAVE,FD_PITCH,FD_ROLL,FD_SURGE,FD_YAW"
BQIC_HEAVE_0612055426_F100_I080,1,1,0.59717992,false,0,,false,0.038386582,0.26717303,0,0.038386582,28,HOLD,"missing/failed DOFs: FD_PITCH,FD_ROLL,FD_SURGE,FD_SWAY,FD_YAW"
HEAVE_AF0_N2M_REBASE_FULL_0706,1,1,0.95196182,false,1,0.070631252,false,0.02106169,0.24797506,0.070631252,0.038719503,29,HOLD,"missing/failed DOFs: FD_PITCH,FD_ROLL,FD_SURGE,FD_SWAY,FD_YAW"
SURGE_AF0_N550K_IC215_T450_0706,1,0,4.8969438,false,1,0.00053434347,false,0.039879346,0.61661025,0.00053434347,0.040012932,30,HOLD,"missing/failed DOFs: FD_HEAVE,FD_PITCH,FD_ROLL,FD_SWAY,FD_YAW"
BQIC_HEAVE_0704051950_F100_I048,1,1,0.85379066,false,1,0.070148551,false,0.023056409,0.2301956,0.070148551,0.040593547,31,HOLD,"missing/failed DOFs: FD_PITCH,FD_ROLL,FD_SURGE,FD_SWAY,FD_YAW"
HEAVE_AF0_N2M_07041115,1,1,0.8438438,false,1,0.07147598,false,0.023053821,0.23065566,0.07147598,0.040922816,32,HOLD,"missing/failed DOFs: FD_PITCH,FD_ROLL,FD_SURGE,FD_SWAY,FD_YAW"
HEAVE_AF0_N16M_FULL_0706,1,1,0.87152201,false,1,0.082336756,false,0.021029454,0.24742539,0.082336756,0.041613643,33,HOLD,"missing/failed DOFs: FD_PITCH,FD_ROLL,FD_SURGE,FD_SWAY,FD_YAW"
BQIC_SWAY_0612090051_F100_I102,1,1,2.6066805,false,0,,false,0.041654771,0.77661815,0,0.041654771,34,HOLD,"missing/failed DOFs: FD_HEAVE,FD_PITCH,FD_ROLL,FD_SURGE,FD_YAW"
HEAVE_AF0_N175M_0704221224,1,1,0.87152201,false,1,0.085353639,false,0.021025293,0.24624912,0.085353639,0.042363703,35,HOLD,"missing/failed DOFs: FD_PITCH,FD_ROLL,FD_SURGE,FD_SWAY,FD_YAW"
HEAVE_BL50_0704212109,1,1,0.87152201,false,1,0.085232964,false,0.021246587,0.25284901,0.085232964,0.042554828,36,HOLD,"missing/failed DOFs: FD_PITCH,FD_ROLL,FD_SURGE,FD_SWAY,FD_YAW"
HEAVE_BL100_0704211242,1,1,0.87152201,false,1,0.085232964,false,0.021505,0.26534368,0.085232964,0.042813241,37,HOLD,"missing/failed DOFs: FD_PITCH,FD_ROLL,FD_SURGE,FD_SWAY,FD_YAW"
SWAY_AF0_N50K_FULL_0706,1,1,0.27639438,false,1,0.033018087,false,0.035300829,0.70179154,0.033018087,0.043555351,38,HOLD,"missing/failed DOFs: FD_HEAVE,FD_PITCH,FD_ROLL,FD_SURGE,FD_YAW"
HEAVE_AF0_N15M_07041128,1,1,0.81703053,false,1,0.086198366,false,0.023015447,0.22898834,0.086198366,0.044565039,39,HOLD,"missing/failed DOFs: FD_PITCH,FD_ROLL,FD_SURGE,FD_SWAY,FD_YAW"
HEAVE_BQ05X_0705241450,1,1,0.8890971,false,1,0.08559499,false,0.023280131,0.51871734,0.08559499,0.044678878,40,HOLD,"missing/failed DOFs: FD_PITCH,FD_ROLL,FD_SURGE,FD_SWAY,FD_YAW"
BQIC_SURGE_0704053144_F100_I076,1,0,6.8270088,false,1,0.073460058,false,0.026597197,0.64748651,0.073460058,0.044962212,41,HOLD,"missing/failed DOFs: FD_HEAVE,FD_PITCH,FD_ROLL,FD_SWAY,FD_YAW"
BQIC_HEAVE_0612055426_F100_I090,1,1,0.6995697,false,0,,false,0.045158841,0.31353698,0,0.045158841,42,HOLD,"missing/failed DOFs: FD_PITCH,FD_ROLL,FD_SURGE,FD_SWAY,FD_YAW"
BQIC_HEAVE_0703130239_F100_I050,1,1,0.81400322,false,1,0.090301326,false,0.023024119,0.22960038,0.090301326,0.04559945,43,HOLD,"missing/failed DOFs: FD_PITCH,FD_ROLL,FD_SURGE,FD_SWAY,FD_YAW"
BQIC_HEAVE_0704051950_F100_I050,1,1,0.81400322,false,1,0.090301326,false,0.023024119,0.22960038,0.090301326,0.04559945,44,HOLD,"missing/failed DOFs: FD_PITCH,FD_ROLL,FD_SURGE,FD_SWAY,FD_YAW"
SWAY_AF0_N15K_FULL_0706,1,1,1.0947203,false,1,0.030569362,false,0.038358002,0.7108893,0.030569362,0.046000342,45,HOLD,"missing/failed DOFs: FD_HEAVE,FD_PITCH,FD_ROLL,FD_SURGE,FD_YAW"
BQIC_SWAY_0703140207_F110_I100,1,0,4.2507113,false,1,0.023951184,false,0.040378993,0.83034663,0.023951184,0.046366789,46,HOLD,"missing/failed DOFs: FD_HEAVE,FD_PITCH,FD_ROLL,FD_SURGE,FD_YAW"
SWAY_TTDSS_P2_07040305,1,1,2.0797089,false,1,0.02454682,false,0.040485232,0.72087677,0.02454682,0.046621937,47,HOLD,"missing/failed DOFs: FD_HEAVE,FD_PITCH,FD_ROLL,FD_SURGE,FD_YAW"
SWAY_IC1230_0704215651,1,1,2.7890745,false,1,0.0081999219,false,0.045166176,0.84194649,0.0081999219,0.047216156,48,HOLD,"missing/failed DOFs: FD_HEAVE,FD_PITCH,FD_ROLL,FD_SURGE,FD_YAW"
SWAY_TTDSS_N18_07040812,1,1,2.731372,false,1,0.013759191,false,0.044387334,0.99648928,0.013759191,0.047827132,49,HOLD,"missing/failed DOFs: FD_HEAVE,FD_PITCH,FD_ROLL,FD_SURGE,FD_YAW"
SWAY_TTDSS_N2_07040305,1,1,2.4795794,false,1,0.01594319,false,0.044253822,0.93028707,0.01594319,0.048239619,50,HOLD,"missing/failed DOFs: FD_HEAVE,FD_PITCH,FD_ROLL,FD_SURGE,FD_YAW"
SWAY_AF0_N50K_IC1260_FULL_0706,1,0,5.0452819,false,1,0.015757881,false,0.044874358,0.875661,0.015757881,0.048813828,51,HOLD,"missing/failed DOFs: FD_HEAVE,FD_PITCH,FD_ROLL,FD_SURGE,FD_YAW"
SWAY_CLN8K_0704210327,1,1,2.1288343,false,1,0.030370816,false,0.041266163,0.89423138,0.030370816,0.048858867,52,HOLD,"missing/failed DOFs: FD_HEAVE,FD_PITCH,FD_ROLL,FD_SURGE,FD_YAW"
SWAY_CL0_BL300_0704205458,1,0,4.5706128,false,1,0.042548263,false,0.038568367,0.67277637,0.042548263,0.049205433,53,HOLD,"missing/failed DOFs: FD_HEAVE,FD_PITCH,FD_ROLL,FD_SURGE,FD_YAW"
BQIC_SWAY_0612142322_F100_I080,1,1,2.632181,false,1,0.008464649,false,0.047218733,0.93776528,0.008464649,0.049334895,54,HOLD,"missing/failed DOFs: FD_HEAVE,FD_PITCH,FD_ROLL,FD_SURGE,FD_YAW"
BQIC_SWAY_0617142124_F100_I080,1,1,2.632181,false,1,0.008464649,false,0.047218733,0.93776528,0.008464649,0.049334895,55,HOLD,"missing/failed DOFs: FD_HEAVE,FD_PITCH,FD_ROLL,FD_SURGE,FD_YAW"
SURGE_AF0_N190K_IC178_M105B_BQ075_T600_0706,1,0,3.1520915,false,1,0.093748311,false,0.026061005,0.61280654,0.093748311,0.049498083,56,HOLD,"missing/failed DOFs: FD_HEAVE,FD_PITCH,FD_ROLL,FD_SWAY,FD_YAW"
BQIC_HEAVE_0704051950_F100_I052,1,1,0.8025736,false,1,0.11021275,false,0.02303855,0.22822815,0.11021275,0.050591737,57,HOLD,"missing/failed DOFs: FD_PITCH,FD_ROLL,FD_SURGE,FD_SWAY,FD_YAW"
BQIC_SURGE_0611155919_F100_I102,1,1,0.65078407,false,0,,false,0.050632098,0.95288635,0,0.050632098,58,HOLD,"missing/failed DOFs: FD_HEAVE,FD_PITCH,FD_ROLL,FD_SWAY,FD_YAW"
SURGE_AF0_N250K_IC2124_FULL_0705,1,0,12.532012,false,1,0.047709484,false,0.039256589,0.96810396,0.047709484,0.05118396,59,HOLD,"missing/failed DOFs: FD_HEAVE,FD_PITCH,FD_ROLL,FD_SWAY,FD_YAW"
BQIC_SWAY_0704041752_F105_I100,1,0,4.4939201,false,1,0.025804274,false,0.044999822,0.96899248,0.025804274,0.05145089,60,HOLD,"missing/failed DOFs: FD_HEAVE,FD_PITCH,FD_ROLL,FD_SURGE,FD_YAW"
BQIC_SURGE_0704064505_F102_I074,1,1,2.0547125,false,1,0.099778789,false,0.026511633,0.55806083,0.099778789,0.05145633,61,HOLD,"missing/failed DOFs: FD_HEAVE,FD_PITCH,FD_ROLL,FD_SWAY,FD_YAW"
SURGE_AF0_N250K_IC185_T600_0706,1,0,3.7887162,false,1,0.091120745,false,0.028745492,0.42932296,0.091120745,0.051525678,62,HOLD,"missing/failed DOFs: FD_HEAVE,FD_PITCH,FD_ROLL,FD_SWAY,FD_YAW"
BQIC_SWAY_0704075513_F100_I084,1,0,5.1613972,false,1,0.040046592,false,0.041706361,0.71453638,0.040046592,0.051718009,63,HOLD,"missing/failed DOFs: FD_HEAVE,FD_PITCH,FD_ROLL,FD_SURGE,FD_YAW"
BQIC_SURGE_0704053144_F100_I074,1,1,0.4589769,false,1,0.10111411,false,0.026562794,0.52067182,0.10111411,0.051841321,64,HOLD,"missing/failed DOFs: FD_HEAVE,FD_PITCH,FD_ROLL,FD_SWAY,FD_YAW"
SURGE_AF0_N190K_IC178_M105B_BQ078_T600_0706,1,0,3.4760998,false,1,0.11472576,false,0.023434935,0.41636558,0.11472576,0.052116375,65,HOLD,"missing/failed DOFs: FD_HEAVE,FD_PITCH,FD_ROLL,FD_SWAY,FD_YAW"
BQIC_SURGE_0612122849_F100_I090,1,0,7.3955124,false,0,,false,0.052620023,0.83992471,0,0.052620023,66,HOLD,"missing/failed DOFs: FD_HEAVE,FD_PITCH,FD_ROLL,FD_SWAY,FD_YAW"
BQIC_SURGE_0704065321_F102_I074,1,1,0.79980286,false,1,0.10731689,false,0.02585608,0.54101275,0.10731689,0.052685303,67,HOLD,"missing/failed DOFs: FD_HEAVE,FD_PITCH,FD_ROLL,FD_SWAY,FD_YAW"
BQIC_SURGE_0611142500_F100,1,1,1.2045701,false,0,,false,0.052759261,1.0788324,0,0.052759261,68,HOLD,"missing/failed DOFs: FD_HEAVE,FD_PITCH,FD_ROLL,FD_SWAY,FD_YAW"
BQIC_SWAY_0617142124_F100_I082,1,0,5.7892179,false,1,0.0019258896,false,0.052411923,1.2006293,0.0019258896,0.052893395,69,HOLD,"missing/failed DOFs: FD_HEAVE,FD_PITCH,FD_ROLL,FD_SURGE,FD_YAW"
SWAY_TTDSS_N3_07040323,1,0,3.7700164,false,1,0.016274098,false,0.049237421,1.089789,0.016274098,0.053305946,70,HOLD,"missing/failed DOFs: FD_HEAVE,FD_PITCH,FD_ROLL,FD_SURGE,FD_YAW"
BQIC_SWAY_0703142147_F103_I100,1,0,5.4839227,false,1,0.03235627,false,0.045287866,0.88553591,0.03235627,0.053376934,71,HOLD,"missing/failed DOFs: FD_HEAVE,FD_PITCH,FD_ROLL,FD_SURGE,FD_YAW"
BQIC_SURGE_0611154707_F100_I110,1,0,5.6925833,false,0,,false,0.053463913,1.1615636,0,0.053463913,72,HOLD,"missing/failed DOFs: FD_HEAVE,FD_PITCH,FD_ROLL,FD_SWAY,FD_YAW"
SWAY_TTDSS_N1_07040323,1,0,5.261936,false,1,0.023024639,false,0.048466399,1.0445479,0.023024639,0.054222559,73,HOLD,"missing/failed DOFs: FD_HEAVE,FD_PITCH,FD_ROLL,FD_SURGE,FD_YAW"
SURGE_IC2032_AF0_N50K_FULL_0706,1,0,5.9644419,false,1,0.056152154,false,0.040337394,1.0167893,0.056152154,0.054375433,74,HOLD,"missing/failed DOFs: FD_HEAVE,FD_PITCH,FD_ROLL,FD_SWAY,FD_YAW"
SWAY_AF0_N50K_BQ103X_FULL_0706,1,0,6.7285792,false,1,0.044599898,false,0.043376697,0.97090984,0.044599898,0.054526671,75,HOLD,"missing/failed DOFs: FD_HEAVE,FD_PITCH,FD_ROLL,FD_SURGE,FD_YAW"
BQIC_SWAY_0704075513_F100_I082,1,1,2.1729321,false,1,0.016882971,false,0.050525651,1.2035398,0.016882971,0.054746394,76,HOLD,"missing/failed DOFs: FD_HEAVE,FD_PITCH,FD_ROLL,FD_SURGE,FD_YAW"
BQIC_SURGE_0704062039_F103_I074,1,0,4.4749284,false,1,0.10852298,false,0.02778397,0.6364524,0.10852298,0.054914715,77,HOLD,"missing/failed DOFs: FD_HEAVE,FD_PITCH,FD_ROLL,FD_SWAY,FD_YAW"
SWAY_TTDSS_N22_07040812,1,0,4.9009847,false,1,0.01931846,false,0.050301448,1.1758303,0.01931846,0.055131063,78,HOLD,"missing/failed DOFs: FD_HEAVE,FD_PITCH,FD_ROLL,FD_SURGE,FD_YAW"
YAW_EQIC87_CL105_BL100_0704230212,1,1,1.8643176,false,1,0.13290159,false,0.022013951,0.47545593,0.13290159,0.055239348,79,HOLD,"missing/failed DOFs: FD_HEAVE,FD_PITCH,FD_ROLL,FD_SURGE,FD_SWAY"
BQIC_HEAVE_0704040637_F100_I054,1,1,0.77118849,false,1,0.13024485,false,0.02312193,0.22512211,0.13024485,0.055683142,80,HOLD,"missing/failed DOFs: FD_PITCH,FD_ROLL,FD_SURGE,FD_SWAY,FD_YAW"
BQIC_SURGE_0612122849_F125_I090,1,0,3.3482606,false,0,,false,0.055767009,0.97313768,0,0.055767009,81,HOLD,"missing/failed DOFs: FD_HEAVE,FD_PITCH,FD_ROLL,FD_SWAY,FD_YAW"
SURGE_IC2032_FULL_0706,1,1,1.0105741,false,1,0.072046772,false,0.038302618,0.85087946,0.072046772,0.056314311,82,HOLD,"missing/failed DOFs: FD_HEAVE,FD_PITCH,FD_ROLL,FD_SWAY,FD_YAW"
SWAY_CLN14K_0705243600,1,0,8.1868779,false,1,0.027855909,false,0.049404372,1.1541833,0.027855909,0.056368349,83,HOLD,"missing/failed DOFs: FD_HEAVE,FD_PITCH,FD_ROLL,FD_SURGE,FD_YAW"
BQIC_SWAY_0617142124_F100_I076,1,1,2.2958713,false,1,0.092118412,false,0.033658921,0.58623007,0.092118412,0.056688524,84,HOLD,"missing/failed DOFs: FD_HEAVE,FD_PITCH,FD_ROLL,FD_SURGE,FD_YAW"
BQIC_SWAY_0704014701_F100_I076,1,1,2.2958713,false,1,0.092118412,false,0.033658921,0.58623007,0.092118412,0.056688524,85,HOLD,"missing/failed DOFs: FD_HEAVE,FD_PITCH,FD_ROLL,FD_SURGE,FD_YAW"
BQIC_SWAY_0703140207_F120_I100,1,0,6.0256583,false,1,0.021502459,false,0.051508215,1.1629693,0.021502459,0.05688383,86,HOLD,"missing/failed DOFs: FD_HEAVE,FD_PITCH,FD_ROLL,FD_SURGE,FD_YAW"
SURGE_AF0_N190K_IC178_M105B_BQ080_T600_0706,1,1,2.9028048,false,1,0.10512007,false,0.03067862,0.62639304,0.10512007,0.056958637,87,HOLD,"missing/failed DOFs: FD_HEAVE,FD_PITCH,FD_ROLL,FD_SWAY,FD_YAW"
BQIC_SWAY_0704041752_F095_I100,1,0,5.2650348,false,1,0.032488633,false,0.048842135,1.1545583,0.032488633,0.056964293,88,HOLD,"missing/failed DOFs: FD_HEAVE,FD_PITCH,FD_ROLL,FD_SURGE,FD_YAW"
SURGE_AF0_N190K_IC178_M105B_BQ079_T600_0706,1,1,0.28945665,false,1,0.10654154,false,0.030759186,0.69975782,0.10654154,0.057394571,89,HOLD,"missing/failed DOFs: FD_HEAVE,FD_PITCH,FD_ROLL,FD_SWAY,FD_YAW"
BQIC_SURGE_0612122849_F075_I090,1,0,7.5955935,false,0,,false,0.057496733,1.1884242,0,0.057496733,90,HOLD,"missing/failed DOFs: FD_HEAVE,FD_PITCH,FD_ROLL,FD_SWAY,FD_YAW"
SURGE_SG1019_BL420_07040900,1,1,0.96291802,false,1,0.10766149,false,0.030825355,0.77371976,0.10766149,0.057740727,91,HOLD,"missing/failed DOFs: FD_HEAVE,FD_PITCH,FD_ROLL,FD_SWAY,FD_YAW"
BQIC_SURGE_0704062039_F102_I074,1,0,3.4260667,false,1,0.11183975,false,0.029907963,0.73403417,0.11183975,0.0578679,92,HOLD,"missing/failed DOFs: FD_HEAVE,FD_PITCH,FD_ROLL,FD_SWAY,FD_YAW"
SURGE_AF0_N190K_IC185_M105B_T600_0706,1,0,5.7294009,false,1,0.071995513,false,0.039947273,0.92758997,0.071995513,0.057946151,93,HOLD,"missing/failed DOFs: FD_HEAVE,FD_PITCH,FD_ROLL,FD_SWAY,FD_YAW"
SWAY_AF0_N50K_BQ125X_FULL_0706,1,1,1.8057994,false,1,0.033216633,false,0.049747901,1.0204003,0.033216633,0.058052059,94,HOLD,"missing/failed DOFs: FD_HEAVE,FD_PITCH,FD_ROLL,FD_SURGE,FD_YAW"
BQIC_HEAVE_0703130239_F100_I055,1,1,0.7680994,false,1,0.14014022,false,0.023201332,0.2262039,0.14014022,0.058236387,95,HOLD,"missing/failed DOFs: FD_PITCH,FD_ROLL,FD_SURGE,FD_SWAY,FD_YAW"
BQIC_HEAVE_0704040637_F100_I055,1,1,0.7680994,false,1,0.14014022,false,0.023201332,0.2262039,0.14014022,0.058236387,96,HOLD,"missing/failed DOFs: FD_PITCH,FD_ROLL,FD_SURGE,FD_SWAY,FD_YAW"
SURGE_AF0_N190K_IC178_M105B_BQ0795_T600_0706,1,1,2.7476211,false,1,0.1163626,false,0.029511701,0.62807372,0.1163626,0.058602351,97,HOLD,"missing/failed DOFs: FD_HEAVE,FD_PITCH,FD_ROLL,FD_SWAY,FD_YAW"
BQIC_SURGE_0704070142_F102_I074,1,0,3.1176492,false,1,0.10675691,false,0.032112687,0.74792751,0.10675691,0.058801914,98,HOLD,"missing/failed DOFs: FD_HEAVE,FD_PITCH,FD_ROLL,FD_SWAY,FD_YAW"
BQIC_SURGE_0704055611_F105_I074,1,0,7.664736,false,1,0.11709488,false,0.029763991,0.64985472,0.11709488,0.059037711,99,HOLD,"missing/failed DOFs: FD_HEAVE,FD_PITCH,FD_ROLL,FD_SWAY,FD_YAW"
BQIC_SURGE_0704074649_F102_I073,1,0,7.9946436,false,1,0.12506372,false,0.027828292,0.59607752,0.12506372,0.059094222,100,HOLD,"missing/failed DOFs: FD_HEAVE,FD_PITCH,FD_ROLL,FD_SWAY,FD_YAW"
SURGE_AF0_N210K_IC180_T600_0706,1,1,2.5311394,false,1,0.097625047,false,0.034817392,0.79213078,0.097625047,0.059223654,101,HOLD,"missing/failed DOFs: FD_HEAVE,FD_PITCH,FD_ROLL,FD_SWAY,FD_YAW"
SURGE_AF0_N190K_IC178_M105B_BQ085_T600_0706,1,1,1.7758057,false,1,0.10697229,false,0.032885817,0.72348144,0.10697229,0.059628889,102,HOLD,"missing/failed DOFs: FD_HEAVE,FD_PITCH,FD_ROLL,FD_SWAY,FD_YAW"
SURGE_AF0_N190K_IC178_M105B_T600_0706,1,1,2.8734799,false,1,0.10757534,false,0.032945088,0.66765095,0.10757534,0.059838923,103,HOLD,"missing/failed DOFs: FD_HEAVE,FD_PITCH,FD_ROLL,FD_SWAY,FD_YAW"
SURGE_AF0_N190K_IC178_T600_0706,1,0,5.7179264,false,1,0.10180331,false,0.034542622,0.68908025,0.10180331,0.05999345,104,HOLD,"missing/failed DOFs: FD_HEAVE,FD_PITCH,FD_ROLL,FD_SWAY,FD_YAW"
SURGE_AF0_N650K_IC205_FULL_0706,1,0,8.1973775,false,1,0.080412338,false,0.039977941,1.0002725,0.080412338,0.060081026,105,HOLD,"missing/failed DOFs: FD_HEAVE,FD_PITCH,FD_ROLL,FD_SWAY,FD_YAW"
BQIC_HEAVE_0704040637_F100_I056,1,1,0.76043846,false,1,0.15015627,false,0.023288936,0.22433173,0.15015627,0.060828004,106,HOLD,"missing/failed DOFs: FD_PITCH,FD_ROLL,FD_SURGE,FD_SWAY,FD_YAW"
SURGE_AF0_N650K_IC205_T450_0706,1,1,0.052596127,false,1,0.063294394,false,0.045101455,0.78959247,0.063294394,0.060925053,107,HOLD,"missing/failed DOFs: FD_HEAVE,FD_PITCH,FD_ROLL,FD_SWAY,FD_YAW"
SURGE_AF0_N190K_IC178_M105B_BQ090_T600_0706,1,0,5.1905799,false,1,0.11171052,false,0.03304868,0.63728612,0.11171052,0.06097631,108,HOLD,"missing/failed DOFs: FD_HEAVE,FD_PITCH,FD_ROLL,FD_SWAY,FD_YAW"
BQIC_SURGE_0704055611_F120_I074,1,0,7.2881615,false,1,0.10296633,false,0.035572848,0.72736281,0.10296633,0.06131443,109,HOLD,"missing/failed DOFs: FD_HEAVE,FD_PITCH,FD_ROLL,FD_SWAY,FD_YAW"
BQIC_SWAY_0617142124_F100_I078,1,0,3.8932149,false,1,0.053004983,false,0.048307061,1.1506611,0.053004983,0.061558307,110,HOLD,"missing/failed DOFs: FD_HEAVE,FD_PITCH,FD_ROLL,FD_SURGE,FD_YAW"
BQIC_SURGE_0704055611_F110_I074,1,0,12.015624,false,1,0.11623338,false,0.032718051,0.74499894,0.11623338,0.061776396,111,HOLD,"missing/failed DOFs: FD_HEAVE,FD_PITCH,FD_ROLL,FD_SWAY,FD_YAW"
BQIC_SURGE_0612141252_F100_I080,1,0,7.5955935,false,1,0.019874949,false,0.057172839,1.2242884,0.019874949,0.062141576,112,HOLD,"missing/failed DOFs: FD_HEAVE,FD_PITCH,FD_ROLL,FD_SWAY,FD_YAW"
YAW_EQIC83_0704231051,1,1,0.09778511,false,1,0.17318439,false,0.018854138,0.2617638,0.17318439,0.062150235,113,HOLD,"missing/failed DOFs: FD_HEAVE,FD_PITCH,FD_ROLL,FD_SURGE,FD_SWAY"
HEAVE_BQ2X_0705235850,1,1,0.77671795,false,1,0.085232964,false,0.041211883,0.5991961,0.085232964,0.062520124,114,HOLD,"missing/failed DOFs: FD_PITCH,FD_ROLL,FD_SURGE,FD_SWAY,FD_YAW"
SURGE_AF0_N180K_IC177_T600_0706,1,0,4.5608492,false,1,0.11231357,false,0.034443154,0.77035616,0.11231357,0.062521546,115,HOLD,"missing/failed DOFs: FD_HEAVE,FD_PITCH,FD_ROLL,FD_SWAY,FD_YAW"
SURGE_AF0_N650K_IC205_T600_0706,1,0,7.1397746,false,1,0.080959389,false,0.042343662,0.92039191,0.080959389,0.062583509,116,HOLD,"missing/failed DOFs: FD_HEAVE,FD_PITCH,FD_ROLL,FD_SWAY,FD_YAW"
YAW_EQIC87_CL105_0704224441,1,1,2.4773351,false,1,0.13942764,false,0.027838185,0.79392188,0.13942764,0.062695095,117,HOLD,"missing/failed DOFs: FD_HEAVE,FD_PITCH,FD_ROLL,FD_SURGE,FD_SWAY"
SURGE_AF0_N190K_IC178_M1085_T600_0706,1,1,0.80181662,false,1,0.093877535,false,0.039240463,0.85595228,0.093877535,0.062709847,118,HOLD,"missing/failed DOFs: FD_HEAVE,FD_PITCH,FD_ROLL,FD_SWAY,FD_YAW"
SURGE_SG1019_EA099_07040831,1,0,6.0449926,false,1,0.11679335,false,0.033557589,0.85517081,0.11679335,0.062755927,119,HOLD,"missing/failed DOFs: FD_HEAVE,FD_PITCH,FD_ROLL,FD_SWAY,FD_YAW"
SURGE_UL0995_FULL_0705101534,1,0,5.846304,false,1,0.14711805,false,0.026034006,0.5478177,0.14711805,0.062813518,120,HOLD,"missing/failed DOFs: FD_HEAVE,FD_PITCH,FD_ROLL,FD_SWAY,FD_YAW"
BQIC_SWAY_0703142147_F105_I100,1,1,2.8069098,false,1,0.020575914,false,0.058153099,1.421706,0.020575914,0.063297077,121,HOLD,"missing/failed DOFs: FD_HEAVE,FD_PITCH,FD_ROLL,FD_SURGE,FD_YAW"
BQIC_SURGE_0704053144_F100_I072,1,0,4.547424,false,1,0.13557399,false,0.029481215,0.58409418,0.13557399,0.063374712,122,HOLD,"missing/failed DOFs: FD_HEAVE,FD_PITCH,FD_ROLL,FD_SWAY,FD_YAW"
YAW_EQIC_0704222630,1,0,6.9900205,false,1,0.011398383,false,0.060815494,1.4831158,0.011398383,0.06366509,123,HOLD,"missing/failed DOFs: FD_HEAVE,FD_PITCH,FD_ROLL,FD_SURGE,FD_SWAY"
SURGE_AF0_N650K_IC195_T450_0706,1,1,1.5246153,false,1,0.10912603,false,0.036584512,0.57638703,0.10912603,0.063866019,124,HOLD,"missing/failed DOFs: FD_HEAVE,FD_PITCH,FD_ROLL,FD_SWAY,FD_YAW"
SURGE_AF0_N180K_IC177_UL1001_T600_0706,1,0,4.5715892,false,1,0.1168795,false,0.035756925,0.70567586,0.1168795,0.0649768,125,HOLD,"missing/failed DOFs: FD_HEAVE,FD_PITCH,FD_ROLL,FD_SWAY,FD_YAW"
BQIC_SURGE_0704062039_F101_I074,1,0,3.6989536,false,1,0.11567341,false,0.036197513,0.98312805,0.11567341,0.065115866,126,HOLD,"missing/failed DOFs: FD_HEAVE,FD_PITCH,FD_ROLL,FD_SWAY,FD_YAW"
SURGE_UL0995_0705100839,1,1,1.1248603,false,1,0.1537085,false,0.026695989,0.41469578,0.1537085,0.065123114,127,HOLD,"missing/failed DOFs: FD_HEAVE,FD_PITCH,FD_ROLL,FD_SWAY,FD_YAW"
SURGE_IC72_CL4K_07040924,1,1,2.0050427,false,1,0.13634933,false,0.031067648,0.73704843,0.13634933,0.065154981,128,HOLD,"missing/failed DOFs: FD_HEAVE,FD_PITCH,FD_ROLL,FD_SWAY,FD_YAW"
BQIC_SURGE_0704123214_F098_I072,1,1,1.7689399,false,1,0.13622011,false,0.031796636,0.75010215,0.13622011,0.065851664,129,HOLD,"missing/failed DOFs: FD_HEAVE,FD_PITCH,FD_ROLL,FD_SWAY,FD_YAW"
BQIC_HEAVE_0703130239_F100_I058,1,1,0.73362519,false,1,0.1700677,false,0.023512264,0.2242499,0.1700677,0.066029189,130,HOLD,"missing/failed DOFs: FD_PITCH,FD_ROLL,FD_SURGE,FD_SWAY,FD_YAW"
BQIC_SWAY_0704014701_F105_I076,1,0,4.83145,false,1,0.091390413,false,0.043614691,0.85446328,0.091390413,0.066462294,131,HOLD,"missing/failed DOFs: FD_HEAVE,FD_PITCH,FD_ROLL,FD_SURGE,FD_YAW"
BQIC_SWAY_0704021626_F098_I076,1,1,2.4418106,false,1,0.077028968,false,0.0474176,1.0071898,0.077028968,0.066674842,132,HOLD,"missing/failed DOFs: FD_HEAVE,FD_PITCH,FD_ROLL,FD_SURGE,FD_YAW"
SURGE_IC70_EA120,1,0,3.9432938,false,1,0.16016972,false,0.027303186,0.52669559,0.16016972,0.067345616,133,HOLD,"missing/failed DOFs: FD_HEAVE,FD_PITCH,FD_ROLL,FD_SWAY,FD_YAW"
SURGE_UL1002_FULL_0705230510,1,0,3.8362014,false,1,0.16236654,false,0.026855715,0.37543351,0.16236654,0.06744735,134,HOLD,"missing/failed DOFs: FD_HEAVE,FD_PITCH,FD_ROLL,FD_SWAY,FD_YAW"
SURGE_AF0_N180K_IC177_CL5500_T600_0706,1,0,9.8731645,false,1,0.099649565,false,0.042633761,1.0352343,0.099649565,0.067546152,135,HOLD,"missing/failed DOFs: FD_HEAVE,FD_PITCH,FD_ROLL,FD_SWAY,FD_YAW"
SURGE_SG1019_BL450_07040846,1,0,3.443022,false,1,0.11308892,false,0.039400103,1.0259955,0.11308892,0.067672333,136,HOLD,"missing/failed DOFs: FD_HEAVE,FD_PITCH,FD_ROLL,FD_SWAY,FD_YAW"
SWAY_AF0_N50K_BQ2X_FULL_0706,1,1,2.052687,false,1,0.02639991,false,0.061366404,0.90221708,0.02639991,0.067966382,137,HOLD,"missing/failed DOFs: FD_HEAVE,FD_PITCH,FD_ROLL,FD_SURGE,FD_YAW"
BQIC_SWAY_0704014701_F095_I076,1,0,5.5244711,false,1,0.079874784,false,0.048116847,1.1218185,0.079874784,0.068085543,138,HOLD,"missing/failed DOFs: FD_HEAVE,FD_PITCH,FD_ROLL,FD_SURGE,FD_YAW"
BQIC_SURGE_0703150041_F080_I100,1,0,11.240513,false,1,0.16495103,false,0.026964425,0.6418406,0.16495103,0.068202182,139,HOLD,"missing/failed DOFs: FD_HEAVE,FD_PITCH,FD_ROLL,FD_SWAY,FD_YAW"
SURGE_AF0_N190K_IC178_M1125_T600_0706,1,1,2.9209681,false,1,0.090130024,false,0.046043958,1.0149403,0.090130024,0.068576464,140,HOLD,"missing/failed DOFs: FD_HEAVE,FD_PITCH,FD_ROLL,FD_SWAY,FD_YAW"
SURGE_IC72_EA0998_07040918,1,1,2.0375954,false,1,0.13152495,false,0.035726619,0.88008315,0.13152495,0.068607857,141,HOLD,"missing/failed DOFs: FD_HEAVE,FD_PITCH,FD_ROLL,FD_SWAY,FD_YAW"
YAW_EQIC87_0704223546,1,1,2.7768449,false,1,0.14406135,false,0.032635537,0.92250597,0.14406135,0.068650875,142,HOLD,"missing/failed DOFs: FD_HEAVE,FD_PITCH,FD_ROLL,FD_SURGE,FD_SWAY"
SWAY_AF0_N50K_IC1225_T450_0706,1,0,4.1223892,false,1,0.039768629,false,0.058965766,0.8797787,0.039768629,0.068907923,143,HOLD,"missing/failed DOFs: FD_HEAVE,FD_PITCH,FD_ROLL,FD_SURGE,FD_YAW"
SURGE_IC16715_CL8K_0704214734,1,0,5.4610001,false,1,0.15151168,false,0.031318898,0.69295789,0.15151168,0.069196818,144,HOLD,"missing/failed DOFs: FD_HEAVE,FD_PITCH,FD_ROLL,FD_SWAY,FD_YAW"
SWAY_AF0_N50K_BQ110X_FULL_0706,1,0,7.186604,false,1,0.037915539,false,0.059772223,1.4374869,0.037915539,0.069251108,145,HOLD,"missing/failed DOFs: FD_HEAVE,FD_PITCH,FD_ROLL,FD_SURGE,FD_YAW"
SURGE_CL5K_0704213825,1,0,3.6412287,false,1,0.16426183,false,0.028648379,0.53716422,0.16426183,0.069713837,146,HOLD,"missing/failed DOFs: FD_HEAVE,FD_PITCH,FD_ROLL,FD_SWAY,FD_YAW"
BQIC_SURGE_0703150041_F090_I100,1,1,2.9949062,false,1,0.15741293,false,0.030612678,0.69652513,0.15741293,0.069965911,147,HOLD,"missing/failed DOFs: FD_HEAVE,FD_PITCH,FD_ROLL,FD_SWAY,FD_YAW"
YAW_IC_Y15056_07040941,1,1,0.22551835,false,1,0.19624752,false,0.021581493,0.31647876,0.19624752,0.070643373,148,HOLD,"missing/failed DOFs: FD_HEAVE,FD_PITCH,FD_ROLL,FD_SURGE,FD_SWAY"
BQIC_SWAY_0704021626_F099_I076,1,0,5.9994299,false,1,0.089206414,false,0.048638928,1.1175346,0.089206414,0.070940532,149,HOLD,"missing/failed DOFs: FD_HEAVE,FD_PITCH,FD_ROLL,FD_SURGE,FD_YAW"
HEAVE_AF0_P2M_07041115,1,1,0.71315614,false,1,0.18889305,false,0.023781412,0.22308062,0.18889305,0.071004675,150,HOLD,"missing/failed DOFs: FD_PITCH,FD_ROLL,FD_SURGE,FD_SWAY,FD_YAW"
YAW_IC_Y1508_07040931,1,1,0.79831578,false,1,0.19886127,false,0.02144322,0.32314186,0.19886127,0.071158538,151,HOLD,"missing/failed DOFs: FD_HEAVE,FD_PITCH,FD_ROLL,FD_SURGE,FD_SWAY"
BQIC_HEAVE_0612143402_F100_I060,1,1,0.71734571,false,1,0.1900998,false,0.023805829,0.22404785,0.1900998,0.071330779,152,HOLD,"missing/failed DOFs: FD_PITCH,FD_ROLL,FD_SURGE,FD_SWAY,FD_YAW"
SURGE_EA102_FULL_0705220000,1,0,6.5989496,false,1,0.16762167,false,0.029776521,0.61488929,0.16762167,0.071681939,153,HOLD,"missing/failed DOFs: FD_HEAVE,FD_PITCH,FD_ROLL,FD_SWAY,FD_YAW"
YAW_IC_Y15052_07040949,1,1,0.52281173,false,1,0.1951654,false,0.02290328,0.38771457,0.1951654,0.07169463,154,HOLD,"missing/failed DOFs: FD_HEAVE,FD_PITCH,FD_ROLL,FD_SURGE,FD_SWAY"
BQIC_YAW_0612154529_F100_I084,1,1,1.1396468,false,1,0.19034856,false,0.024368609,0.40709754,0.19034856,0.071955749,155,HOLD,"missing/failed DOFs: FD_HEAVE,FD_PITCH,FD_ROLL,FD_SURGE,FD_SWAY"
YAW_IC_Y1505_07040931,1,1,0.030142015,false,0,0.20067036,false,0.02203382,0.40716519,0.20067036,0.07220141,156,HOLD,"missing/failed DOFs: FD_HEAVE,FD_PITCH,FD_ROLL,FD_SURGE,FD_SWAY"
SURGE_UL1001_FULL_0705222420,1,1,2.2436741,false,1,0.16559715,false,0.031640893,0.64585936,0.16559715,0.07304018,157,HOLD,"missing/failed DOFs: FD_HEAVE,FD_PITCH,FD_ROLL,FD_SWAY,FD_YAW"
SWAY_AF0_N50K_BQ118X_T450_0706,1,0,4.0700692,false,1,0.059490797,false,0.05832344,0.73607182,0.059490797,0.073196139,158,HOLD,"missing/failed DOFs: FD_HEAVE,FD_PITCH,FD_ROLL,FD_SURGE,FD_YAW"
SURGE_EA098_FULL_0705211940,1,0,8.6857161,false,1,0.16887084,false,0.030978778,0.58988717,0.16887084,0.073196488,159,HOLD,"missing/failed DOFs: FD_HEAVE,FD_PITCH,FD_ROLL,FD_SWAY,FD_YAW"
SURGE_AF0_N50K_UL10017_FULL_0706,1,0,16.091346,false,1,0.18243942,false,0.028056887,0.41371812,0.18243942,0.073666742,160,HOLD,"missing/failed DOFs: FD_HEAVE,FD_PITCH,FD_ROLL,FD_SWAY,FD_YAW"
SURGE_AF0_N50K_FULL_0705,1,1,2.3859803,false,1,0.17627972,false,0.02970957,0.46287766,0.17627972,0.0737795,161,HOLD,"missing/failed DOFs: FD_HEAVE,FD_PITCH,FD_ROLL,FD_SWAY,FD_YAW"
SURGE_IC70_EA118,1,1,1.8489757,false,1,0.17546129,false,0.030248578,0.59001754,0.17546129,0.0741139,162,HOLD,"missing/failed DOFs: FD_HEAVE,FD_PITCH,FD_ROLL,FD_SWAY,FD_YAW"
SURGE_UL12_1005_FULL_0705205646,1,1,1.8489757,false,1,0.17546129,false,0.030248578,0.59001754,0.17546129,0.0741139,163,HOLD,"missing/failed DOFs: FD_HEAVE,FD_PITCH,FD_ROLL,FD_SWAY,FD_YAW"
SURGE_AF0_N50K_CL5500_FULL_0706,1,1,2.1812256,false,1,0.17416905,false,0.031831688,0.71857391,0.17416905,0.07537395,164,HOLD,"missing/failed DOFs: FD_HEAVE,FD_PITCH,FD_ROLL,FD_SWAY,FD_YAW"
SURGE_AF0_N50K_CLN10K_FULL_0706,1,0,9.4776916,false,1,0.16477873,false,0.034999207,0.62707329,0.16477873,0.07619389,165,HOLD,"missing/failed DOFs: FD_HEAVE,FD_PITCH,FD_ROLL,FD_SWAY,FD_YAW"
SURGE_IC72_CL0_07040912,1,0,7.8976587,false,1,0.14750572,false,0.039805313,0.97020368,0.14750572,0.076681743,166,HOLD,"missing/failed DOFs: FD_HEAVE,FD_PITCH,FD_ROLL,FD_SWAY,FD_YAW"
BQIC_SURGE_0703144129_F110_I100,1,0,7.0149573,false,1,0.16512333,false,0.035495946,0.83689564,0.16512333,0.076776779,167,HOLD,"missing/failed DOFs: FD_HEAVE,FD_PITCH,FD_ROLL,FD_SWAY,FD_YAW"
SURGE_UL1002_BL600K_0705234300,1,1,2.2215227,false,1,0.16370186,false,0.036496161,0.63072162,0.16370186,0.077421626,168,HOLD,"missing/failed DOFs: FD_HEAVE,FD_PITCH,FD_ROLL,FD_SWAY,FD_YAW"
YAW_EQIC87_CL105_BQ2X_0704225331,1,1,1.3575268,false,1,0.1397273,false,0.04395399,0.84961855,0.1397273,0.078885815,169,HOLD,"missing/failed DOFs: FD_HEAVE,FD_PITCH,FD_ROLL,FD_SURGE,FD_SWAY"
SURGE_UL1005_FULL_0705102530,1,1,0.53765141,false,1,0.17485825,false,0.035374317,0.85494851,0.17485825,0.07908888,170,HOLD,"missing/failed DOFs: FD_HEAVE,FD_PITCH,FD_ROLL,FD_SWAY,FD_YAW"
SURGE_CL0_0704212954,1,1,0.6761,false,1,0.1610743,false,0.038903151,0.90501534,0.1610743,0.079171726,171,HOLD,"missing/failed DOFs: FD_HEAVE,FD_PITCH,FD_ROLL,FD_SWAY,FD_YAW"
BQIC_SURGE_0611135333_F100,1,0,8.4651839,false,0,,false,0.079478437,1.5008384,0,0.079478437,172,HOLD,"missing/failed DOFs: FD_HEAVE,FD_PITCH,FD_ROLL,FD_SWAY,FD_YAW"
SURGE_UL1002_CLN10K_0705232100,1,1,2.534572,false,1,0.1596959,false,0.039646423,0.87238754,0.1596959,0.079570398,173,HOLD,"missing/failed DOFs: FD_HEAVE,FD_PITCH,FD_ROLL,FD_SWAY,FD_YAW"
BQIC_SURGE_0703144129_F120_I100,1,0,16.398733,false,1,0.17330755,false,0.036319062,0.85061829,0.17330755,0.07964595,174,HOLD,"missing/failed DOFs: FD_HEAVE,FD_PITCH,FD_ROLL,FD_SWAY,FD_YAW"
SURGE_AF0_N50K_CL2800_FULL_0706,1,0,10.485903,false,1,0.16732015,false,0.038482121,0.90761506,0.16732015,0.080312159,175,HOLD,"missing/failed DOFs: FD_HEAVE,FD_PITCH,FD_ROLL,FD_SWAY,FD_YAW"
SURGE_UL12_1005_FIX_0705210753,1,0,9.7653831,false,0,0.20152158,false,0.030612072,0.60058244,0.20152158,0.080992467,176,HOLD,"missing/failed DOFs: FD_HEAVE,FD_PITCH,FD_ROLL,FD_SWAY,FD_YAW"
SURGE_AF0_N50K_UL1005_FULL_0706,1,0,4.5095051,false,1,0.18933139,false,0.03683061,0.82557492,0.18933139,0.084163457,177,HOLD,"missing/failed DOFs: FD_HEAVE,FD_PITCH,FD_ROLL,FD_SWAY,FD_YAW"
SURGE_AF0_N50K_UL1002_FULL_0706,1,0,14.524203,false,1,0.18937447,false,0.038057262,0.97590213,0.18937447,0.085400879,178,HOLD,"missing/failed DOFs: FD_HEAVE,FD_PITCH,FD_ROLL,FD_SWAY,FD_YAW"
BQIC_SURGE_0611135333_F150,1,0,8.0788977,false,0,,false,0.086368398,1.5226816,0,0.086368398,179,HOLD,"missing/failed DOFs: FD_HEAVE,FD_PITCH,FD_ROLL,FD_SWAY,FD_YAW"
SURGE_IC70_EA130,1,0,6.8733254,false,1,0.18187945,false,0.042314449,1.0434405,0.18187945,0.087784311,180,HOLD,"missing/failed DOFs: FD_HEAVE,FD_PITCH,FD_ROLL,FD_SWAY,FD_YAW"
BQIC_ROLL_0704103753_F090_I100,1,1,1.6217862,false,1,0.19275767,false,0.042897686,0.93492651,0.19275767,0.091087103,181,HOLD,"missing/failed DOFs: FD_HEAVE,FD_PITCH,FD_SURGE,FD_SWAY,FD_YAW"
BQIC_ROLL_0612125455_F090_I100,1,1,1.6205738,false,1,0.19267405,false,0.043418499,0.93652235,0.19267405,0.091587012,182,HOLD,"missing/failed DOFs: FD_HEAVE,FD_PITCH,FD_SURGE,FD_SWAY,FD_YAW"
BQIC_ROLL_0612125455_F080_I100,1,1,1.6391767,false,1,0.19300851,false,0.043426782,0.9657085,0.19300851,0.091678909,183,HOLD,"missing/failed DOFs: FD_HEAVE,FD_PITCH,FD_SURGE,FD_SWAY,FD_YAW"
BQIC_ROLL_0617161538_F098_I100,1,1,2.3134045,false,1,0.19334297,false,0.044248382,0.92522335,0.19334297,0.092584125,184,HOLD,"missing/failed DOFs: FD_HEAVE,FD_PITCH,FD_SURGE,FD_SWAY,FD_YAW"
BQIC_ROLL_0617162123_F097_I100,1,1,2.013454,false,1,0.19292489,false,0.044702634,0.92969766,0.19292489,0.092933856,185,HOLD,"missing/failed DOFs: FD_HEAVE,FD_PITCH,FD_SURGE,FD_SWAY,FD_YAW"
ROLL_BQ873_07041043,1,1,2.013454,false,1,0.19292489,false,0.044702634,0.92969766,0.19292489,0.092933856,186,HOLD,"missing/failed DOFs: FD_HEAVE,FD_PITCH,FD_SURGE,FD_SWAY,FD_YAW"
BQIC_ROLL_0617161013_F095_I100,1,1,1.648936,false,1,0.19217237,false,0.04491145,0.92489451,0.19217237,0.092954543,187,HOLD,"missing/failed DOFs: FD_HEAVE,FD_PITCH,FD_SURGE,FD_SWAY,FD_YAW"
ROLL_BQ8715_07041049,1,1,1.9224766,false,1,0.19275767,false,0.044786055,0.92128257,0.19275767,0.092975472,188,HOLD,"missing/failed DOFs: FD_HEAVE,FD_PITCH,FD_SURGE,FD_SWAY,FD_YAW"
BQIC_ROLL_0617162123_F096_I100,1,1,1.694227,false,1,0.19309212,false,0.04483199,0.95263,0.19309212,0.09310502,189,HOLD,"missing/failed DOFs: FD_HEAVE,FD_PITCH,FD_SURGE,FD_SWAY,FD_YAW"
BQIC_ROLL_0617162123_F098_I100,1,1,1.9757234,false,1,0.19292489,false,0.045192859,0.94183746,0.19292489,0.093424082,190,HOLD,"missing/failed DOFs: FD_HEAVE,FD_PITCH,FD_SURGE,FD_SWAY,FD_YAW"
SURGE_IC70_EA110,1,0,5.1359205,false,1,0.16895699,false,0.051398002,1.3358849,0.16895699,0.093637249,191,HOLD,"missing/failed DOFs: FD_HEAVE,FD_PITCH,FD_ROLL,FD_SWAY,FD_YAW"
BQIC_SURGE_0612143905_F100_I070,1,0,7.2874871,false,1,0.16288344,false,0.053593904,1.2131332,0.16288344,0.094314764,192,HOLD,"missing/failed DOFs: FD_HEAVE,FD_PITCH,FD_ROLL,FD_SWAY,FD_YAW"
SURGE_IC70_EA15,1,0,20.331939,false,1,0.18416241,false,0.056535485,1.3407065,0.18416241,0.10257609,193,HOLD,"missing/failed DOFs: FD_HEAVE,FD_PITCH,FD_ROLL,FD_SWAY,FD_YAW"
BQIC_SURGE_0612143905_F100_I065,1,0,10.943482,false,0,0.231114,false,0.046711877,0.94465277,0.231114,0.10449038,194,HOLD,"missing/failed DOFs: FD_HEAVE,FD_PITCH,FD_ROLL,FD_SWAY,FD_YAW"
SWAY_AF0_N450K_T450_0706,1,0,4.0413441,false,1,0.18904162,false,0.058313638,0.77313685,0.18904162,0.10557404,195,HOLD,"missing/failed DOFs: FD_HEAVE,FD_PITCH,FD_ROLL,FD_SURGE,FD_YAW"
CAND_TEST,1,0,6.250052,false,0,,false,0.1097995,0.99393663,0,0.1097995,196,HOLD,"missing/failed DOFs: FD_HEAVE,FD_PITCH,FD_SURGE,FD_SWAY,FD_YAW"
IMP_HEAVE_02259Z0000_P1,1,0,3.2847163,false,0,,false,0.11422457,1.761413,0,0.11422457,197,HOLD,"missing/failed DOFs: FD_PITCH,FD_ROLL,FD_SURGE,FD_SWAY,FD_YAW"
IMP_HEAVE_02259Z0000_S1,1,1,0.63020258,false,0,,false,0.11535044,1.8830068,0,0.11535044,198,HOLD,"missing/failed DOFs: FD_PITCH,FD_ROLL,FD_SURGE,FD_SWAY,FD_YAW"
SURGE_AF0_N650K_T450_0706,1,1,0.86922843,false,0,0.3052415,false,0.046733544,0.46422248,0.3052415,0.12304392,199,HOLD,"missing/failed DOFs: FD_HEAVE,FD_PITCH,FD_ROLL,FD_SWAY,FD_YAW"
BQIC_SURGE_0612123519_F100_I102,1,0,7.3539414,false,0,0.31088861,false,0.049939823,0.98575071,0.31088861,0.12766198,200,HOLD,"missing/failed DOFs: FD_HEAVE,FD_PITCH,FD_ROLL,FD_SWAY,FD_YAW"
BQIC_SWAY_0612134700_F100_I100,1,1,1.1695586,false,0,0.29636861,false,0.056636981,1.0418852,0.29636861,0.13072913,201,HOLD,"missing/failed DOFs: FD_HEAVE,FD_PITCH,FD_ROLL,FD_SURGE,FD_YAW"
BQIC_SURGE_0612120539_F100_I100,1,1,0.65078407,false,0,0.32811855,false,0.050632098,0.95288635,0.32811855,0.13266174,202,HOLD,"missing/failed DOFs: FD_HEAVE,FD_PITCH,FD_ROLL,FD_SWAY,FD_YAW"
SWAY_AF0_N750K_T450_0706,1,0,5.7488953,false,0,0.27961138,false,0.064450597,0.68077522,0.27961138,0.13435344,203,HOLD,"missing/failed DOFs: FD_HEAVE,FD_PITCH,FD_ROLL,FD_SURGE,FD_YAW"
SURGE_IC70_EA20,1,0,12.864284,false,0,0.2299079,false,0.080094172,1.4691818,0.2299079,0.13757115,204,HOLD,"missing/failed DOFs: FD_HEAVE,FD_PITCH,FD_ROLL,FD_SWAY,FD_YAW"
BQIC_SURGE_0612120539_F150_I100,1,0,3.8902615,false,0,0.33768116,false,0.054142499,0.95578379,0.33768116,0.13856279,205,HOLD,"missing/failed DOFs: FD_HEAVE,FD_PITCH,FD_ROLL,FD_SWAY,FD_YAW"
BQIC_SURGE_0612123519_F100_I098,1,1,2.6893363,false,0,0.35676332,false,0.050165381,0.99651724,0.35676332,0.13935621,206,HOLD,"missing/failed DOFs: FD_HEAVE,FD_PITCH,FD_ROLL,FD_SWAY,FD_YAW"
PHYS_SURGE_BASE_22152Z0000,1,0,86.400072,false,0,,false,0.14118563,1.1083569,0,0.14118563,207,HOLD,"missing/failed DOFs: FD_HEAVE,FD_PITCH,FD_ROLL,FD_SWAY,FD_YAW"
PHYS_SURGE_BASE_70258Z0000,1,0,86.400072,false,0,,false,0.14118563,1.1083569,0,0.14118563,208,HOLD,"missing/failed DOFs: FD_HEAVE,FD_PITCH,FD_ROLL,FD_SWAY,FD_YAW"
BQIC_SURGE_0612134700_F100_I100,1,0,8.4651839,false,0,0.25395185,false,0.079478437,1.5008384,0.25395185,0.1429664,209,HOLD,"missing/failed DOFs: FD_HEAVE,FD_PITCH,FD_ROLL,FD_SWAY,FD_YAW"
BQIC_SURGE_0612120539_F200_I100,1,0,3.4693872,false,0,0.33406288,false,0.061013935,1.0734009,0.33406288,0.14452966,210,HOLD,"missing/failed DOFs: FD_HEAVE,FD_PITCH,FD_ROLL,FD_SWAY,FD_YAW"
PHYS_PITCH_BASE_64324Z0000,1,0,72.23051,false,0,,false,0.14529556,1.1559794,0,0.14529556,211,HOLD,"missing/failed DOFs: FD_HEAVE,FD_ROLL,FD_SURGE,FD_SWAY,FD_YAW"
HEAVE_AF0_N20M_T450_0706,1,1,0.96866906,false,0,0.45642415,false,0.039044264,0.36141934,0.45642415,0.1531503,212,HOLD,"missing/failed DOFs: FD_PITCH,FD_ROLL,FD_SURGE,FD_SWAY,FD_YAW"
BQIC_SWAY_0617133851_F100_I082,1,0,3.0764475,false,0,0.40581341,false,0.051997642,0.79378981,0.40581341,0.15345099,213,HOLD,"missing/failed DOFs: FD_HEAVE,FD_PITCH,FD_ROLL,FD_SURGE,FD_YAW"
BQIC_SWAY_0617133851_F100_I078,1,1,1.1175083,false,0,0.42562823,false,0.050419494,0.56971214,0.42562823,0.15682655,214,HOLD,"missing/failed DOFs: FD_HEAVE,FD_PITCH,FD_ROLL,FD_SURGE,FD_YAW"
BQIC_HEAVE_0612135257_F100_I095,1,1,0.72520623,false,0,0.52738726,false,0.035911044,0.25950114,0.52738726,0.16775786,215,HOLD,"missing/failed DOFs: FD_PITCH,FD_ROLL,FD_SURGE,FD_SWAY,FD_YAW"
BQIC_SWAY_0617133851_F100_I075,1,0,3.4070154,false,0,0.46336508,false,0.052339899,0.58691197,0.46336508,0.16818117,216,HOLD,"missing/failed DOFs: FD_HEAVE,FD_PITCH,FD_ROLL,FD_SURGE,FD_YAW"
IMP_SURGE_00128Z0000_S3,1,0,27.53911,false,0,,false,0.17557638,1.3597535,0,0.17557638,217,HOLD,"missing/failed DOFs: FD_HEAVE,FD_PITCH,FD_ROLL,FD_SWAY,FD_YAW"
BQIC_SWAY_0617133851_F100_I070,1,1,2.7586383,false,0,0.49376237,false,0.060184412,0.71984051,0.49376237,0.183625,218,HOLD,"missing/failed DOFs: FD_HEAVE,FD_PITCH,FD_ROLL,FD_SURGE,FD_YAW"
IMP_SURGE_MEA0787_112112,1,0,8.0788977,false,0,,false,0.18404614,1.2995629,0,0.18404614,219,HOLD,"missing/failed DOFs: FD_HEAVE,FD_PITCH,FD_ROLL,FD_SWAY,FD_YAW"
IMP_SURGE_00128Z0000_S1,1,0,4.3046735,false,0,,false,0.18413535,1.6956215,0,0.18413535,220,HOLD,"missing/failed DOFs: FD_HEAVE,FD_PITCH,FD_ROLL,FD_SWAY,FD_YAW"
BQIC_HEAVE_0612134700_F100_I100,1,1,0.69472378,false,0,0.58905234,false,0.039048841,0.27042529,0.58905234,0.18631193,221,HOLD,"missing/failed DOFs: FD_PITCH,FD_ROLL,FD_SURGE,FD_SWAY,FD_YAW"
IMP_SURGE_MEA0865_113536,1,0,5.4205361,false,0,,false,0.18754931,1.4482336,0,0.18754931,222,HOLD,"missing/failed DOFs: FD_HEAVE,FD_PITCH,FD_ROLL,FD_SWAY,FD_YAW"
IMP_SURGE_MEA0834_114855,1,1,2.0109537,false,0,,false,0.18921015,1.5301796,0,0.18921015,223,HOLD,"missing/failed DOFs: FD_HEAVE,FD_PITCH,FD_ROLL,FD_SWAY,FD_YAW"
IMP_SURGE_00128Z0000_P1,1,0,14.641128,false,0,,false,0.19305141,1.6786349,0,0.19305141,224,HOLD,"missing/failed DOFs: FD_HEAVE,FD_PITCH,FD_ROLL,FD_SWAY,FD_YAW"
BQIC_HEAVE_0612134333_F200_I100,1,1,0.62648997,false,0,0.57626076,false,0.067528398,0.81631027,0.57626076,0.21159359,225,HOLD,"missing/failed DOFs: FD_PITCH,FD_ROLL,FD_SURGE,FD_SWAY,FD_YAW"
RBQ90_PBL255_IMPORTED_PACKAGE_PERIOD_TUNED_20225Z0000_BQIC_0611143733_BQIC_0611161228_BQIC_0612060642_BQIC_0612072125,6,6,2.0019472,true,0,,false,0.22510244,3.895835,0,0.22510244,226,HOLD,"start amplitude gate failed: FD_HEAVE,FD_PITCH,FD_ROLL,FD_SURGE,FD_SWAY,FD_YAW"
IMP_PITCH_04323Z0000_P1,1,1,1.5715242,false,0,,false,0.22652275,1.8375376,0,0.22652275,227,HOLD,"missing/failed DOFs: FD_HEAVE,FD_ROLL,FD_SURGE,FD_SWAY,FD_YAW"
IMP_PITCH_04323Z0000_S1,1,1,0.16058556,false,0,,false,0.22777381,2.0017654,0,0.22777381,228,HOLD,"missing/failed DOFs: FD_HEAVE,FD_ROLL,FD_SURGE,FD_SWAY,FD_YAW"
RBQ90_PBL255_IMPORTED_PACKAGE_PERIOD_TUNED_20225Z0000_BQIC_0611143733_BQIC_0611161228_BQIC_0612060642,6,6,2.0019472,true,0,,false,0.22969745,4.0649011,0,0.22969745,229,HOLD,"start amplitude gate failed: FD_HEAVE,FD_PITCH,FD_ROLL,FD_SURGE,FD_SWAY,FD_YAW"
BQIC_HEAVE_0612134333_F400_I100,1,1,1.3541609,false,0,0.57565738,false,0.09704414,1.2376196,0.57565738,0.24095849,230,HOLD,"missing/failed DOFs: FD_PITCH,FD_ROLL,FD_SURGE,FD_SWAY,FD_YAW"
RBQ90_PBL255_IMPORTED_PACKAGE_PERIOD_TUNED_20225Z0000_BQIC_0611143733_BQIC_0611161228,6,6,2.0019472,true,0,,false,0.2433986,4.1158333,0,0.2433986,231,HOLD,"start amplitude gate failed: FD_HEAVE,FD_PITCH,FD_ROLL,FD_SURGE,FD_SWAY,FD_YAW"
RBQ90_PBL255_IMPORTED_PACKAGE_PERIOD_TUNED_20225Z0000_BQIC_0611143733,6,6,2.0019472,true,0,,false,0.24552577,4.2417794,0,0.24552577,232,HOLD,"start amplitude gate failed: FD_HEAVE,FD_PITCH,FD_ROLL,FD_SURGE,FD_SWAY,FD_YAW"
PHYS_SURGE_BASE_40534Z0000,1,0,86.400072,false,0,0.62537246,false,0.14118563,1.1083569,0.62537246,0.29752875,233,HOLD,"missing/failed DOFs: FD_HEAVE,FD_PITCH,FD_ROLL,FD_SWAY,FD_YAW"
FORMALBASE_SURGEONLY_BQ080_DOFIC_T600_0706,5,3,8.5271794,false,4,0.20716311,false,0.15854349,2.9102769,0.58544157,0.30490388,234,HOLD,missing/failed DOFs: FD_ROLL
HEAVE_AF0_N40M_T450_0706,1,1,0.93185187,false,0,0.95655689,false,0.081533616,1.4190947,0.95655689,0.32067284,235,HOLD,"missing/failed DOFs: FD_PITCH,FD_ROLL,FD_SURGE,FD_SWAY,FD_YAW"
COMBO_FORMALBASE_SURGE_BQ080_HEAVE_BQ095_NOPTFMMASS_DOFIC_T600_0706,6,6,2.4395244,true,5,0.20492117,false,0.18482672,3.2337923,0.70151479,0.36020542,236,HOLD,start amplitude gate failed: FD_YAW
FORMALBASE_HEAVEONLY_BQ095_DOFIC_T600_0706,6,5,5.76862,false,5,0.20441063,false,0.18616559,3.4923661,0.75646003,0.37528059,237,HOLD,period gate failed: FD_SWAY
SURGE_IC70_EA30,1,0,32.245633,false,0,0.50519924,false,0.25953603,1.8400385,0.50519924,0.38583584,238,HOLD,"missing/failed DOFs: FD_HEAVE,FD_PITCH,FD_ROLL,FD_SWAY,FD_YAW"
LP_B7F42ED0715D_HEAVE_20260706T134334Z0000,1,1,1.8939983,false,0,0.96848153,false,0.15155949,1.169283,0.96848153,0.39367987,239,HOLD,"missing/failed DOFs: FD_HEAVE,FD_PITCH,FD_ROLL,FD_SWAY,FD_YAW"
COMBO_SURGE_BQ080_HEAVE_BQ095_DOFIC_T600_0706,6,5,3.8145073,false,4,0.23769414,false,0.22190992,3.9425825,0.9384863,0.4565315,240,HOLD,period gate failed: FD_SWAY
AMP_SH_06121500,6,6,2.632181,true,4,0.3348813,false,0.20408834,3.6241239,1.0949335,0.47782172,241,HOLD,"start amplitude gate failed: FD_SURGE,FD_YAW"
HEAVE060_ROLL090_CMP_06171530,6,6,2.6066805,true,4,0.32811855,false,0.20129523,3.6446396,1.288088,0.52331724,242,HOLD,"start amplitude gate failed: FD_SURGE,FD_SWAY"
LP_9E877C00D37E_YAW_20260707T020651Z0000,6,4,7.8909461,false,3,0.52762861,false,0.23971637,4.3740214,1.4829141,0.61044489,243,HOLD,"period gate failed: FD_SURGE,FD_YAW"
GLV3_MOOR_EA10055_20260707T060656Z,6,4,9.042408,false,2,0.52738726,false,0.21230931,3.7696075,1.628964,0.61955032,244,HOLD,"period gate failed: FD_SURGE,FD_SWAY"
GLV3_MOOR_EA1005_20260707T033530Z,6,6,2.2915289,true,2,0.52738726,false,0.20939064,3.4926705,1.6411354,0.61967449,245,HOLD,"start amplitude gate failed: FD_HEAVE,FD_SURGE,FD_SWAY,FD_YAW"
GLV3_MOOR_EA1003_20260707T043810Z,6,6,2.1713303,true,2,0.52750793,false,0.20820385,3.4404589,1.6475259,0.62008533,246,HOLD,"start amplitude gate failed: FD_HEAVE,FD_SURGE,FD_SWAY,FD_YAW"
HEAVE095_ROLL090_CMP_0612144710,6,6,2.6066805,true,3,0.52738726,false,0.21353435,3.6828053,1.6328574,0.62174869,247,HOLD,"start amplitude gate failed: FD_HEAVE,FD_SURGE,FD_SWAY"
HEAVE095_CMP_0612135839,6,6,2.6066805,true,3,0.52738726,false,0.2163229,3.7120514,1.6317704,0.62426549,248,HOLD,"start amplitude gate failed: FD_HEAVE,FD_SURGE,FD_SWAY"
RBQ90_PBL255_IMPORTED_PACKAGE_PERIOD_TUNED_20225Z0000_BQIC_0611143733_BQIC_0611161228_BQIC_0612060642_BQIC_0612072125_BQIC_0612091400,6,6,2.6066805,true,3,0.57662278,false,0.21879844,3.7197233,1.6810059,0.63904991,249,HOLD,"start amplitude gate failed: FD_HEAVE,FD_SURGE,FD_SWAY"
LP_1091C22C41B7_HEAVE_20260706T135310Z0000,6,5,6.6044315,false,3,0.58929369,false,0.2265751,3.9974317,1.7107507,0.65426278,250,HOLD,period gate failed: FD_SWAY
LP_2BFEA3960C79_SWAY_20260707T011700Z0000,6,5,6.3141706,false,2,0.52738726,false,0.2408435,4.4201216,1.7077957,0.66779242,251,HOLD,period gate failed: FD_SWAY
RBQ90_PBL255_IMPORTED_PACKAGE,6,3,11.256003,false,0,,false,0.94146846,9.4878263,0,0.94146846,252,HOLD,"period gate failed: FD_HEAVE,FD_PITCH,FD_SURGE"
RBQ90_PBL255_IMPORTED_PACKAGE_PERIOD_TUNED_20225Z0000,6,6,2.0109537,true,0,,false,0.94881523,10.023361,0,0.94881523,253,HOLD,"start amplitude gate failed: FD_HEAVE,FD_PITCH,FD_ROLL,FD_SURGE,FD_SWAY,FD_YAW"
COMBO_SURGE_BQ080_HEAVE_BQ095_NOMASS_DOFIC_T600_0706,6,0,93.31251,false,1,0.98233101,false,0.58489701,5.5701394,3.8736265,1.5533036,254,HOLD,"period gate failed: FD_HEAVE,FD_PITCH,FD_ROLL,FD_SURGE,FD_SWAY,FD_YAW"
COMBO_SURGE_BQ080_HEAVE_BQ095_T600_0706,6,3,8.2742014,false,1,0.99733631,false,0.60715222,6.5543811,3.9637129,1.5980804,255,HOLD,"period gate failed: FD_SURGE,FD_SWAY,FD_YAW"
